"extension","force_f","retraction","force_r"
87.8912760000003,-9.95466685333304,87.4804430000004,3414.66833914667
87.7801129999998,-3.86825385333395,87.3676219999998,3404.52431014667
87.6689379999998,-1.83944985333437,87.2547890000005,3386.26505814667
87.557753,-3.86825385333395,87.141944,3372.06341814667
87.4465559999999,-7.92586285333346,87.0290880000002,3351.77536014667
87.3353480000005,-1.83944985333437,86.9162200000001,3323.37208014667
87.2241290000002,-3.86825385333395,86.8033400000004,3305.11282814667
87.1128990000007,-5.89705785333354,86.6904480000003,3276.70954814667
87.0016580000001,-9.95466685333304,86.5775450000001,3254.39268514667
86.8904060000004,-14.0122758533344,86.4646300000004,3232.07582214667
86.7791430000007,-20.0986898533338,86.3517030000003,3209.75896014667
86.6678689999999,-18.0698848533339,86.2387640000006,3189.47090314667
86.5565830000005,-22.1274938533334,86.125814,3167.15404014667
86.4452860000001,-22.1274938533334,86.0128519999998,3150.92359514667
86.3339780000006,-26.1851028533347,85.8998780000002,3136.72195614667
86.222659,-28.2139078533346,85.7868920000001,3120.49151014667
86.1113290000003,-28.2139078533346,85.6738940000005,3106.28987114667
85.9999880000005,-28.2139078533346,85.5608849999999,3096.14584314667
85.8886350000002,-28.2139078533346,85.4478630000003,3086.00181414667
85.7772709999999,-26.1851028533347,85.3348299999998,3075.85778614667
85.6658960000004,-28.2139078533346,85.2217850000006,3059.62734114667
85.5545099999999,-24.1562988533333,85.1087280000002,3045.42570214667
85.4431119999999,-26.1851028533347,84.9956590000002,3029.19525714667
85.3317029999998,-20.0986898533338,84.8825790000001,3010.93600614667
85.2202830000006,-20.0986898533338,84.7694860000001,2990.64795014667
85.108851,-11.983471853333,84.6563820000001,2966.30228314667
84.9974080000002,-9.95466685333304,84.5432650000002,2946.01422714667
84.8859540000003,-14.0122758533344,84.4301370000003,2921.66856114667
84.7744890000004,-7.92586285333346,84.3169960000005,2899.35169914667
84.663012,-3.86825385333395,84.2038440000006,2872.97722714667
84.5515240000004,-3.86825385333395,84.0906800000002,2848.63156114667
84.4400240000004,-3.86825385333395,83.9775040000004,2828.34350514667
84.3285130000004,-3.86825385333395,83.8643149999998,2806.02664514667
84.2169910000002,0.189355146665548,83.751115,2783.70978414667
84.1054570000006,-5.89705785333354,83.6379029999998,2761.39292314667
83.9939119999999,-7.92586285333346,83.5246790000001,2737.04725714667
83.8823560000001,-1.83944985333437,83.4114420000005,2718.78800814667
83.7707879999998,-1.83944985333437,83.298194,2696.47114814667
83.659208,0.189355146665548,83.1849339999999,2676.18309314667
83.5476180000005,-1.83944985333437,83.0716609999999,2655.89503814667
83.4360150000002,-3.86825385333395,82.9583769999999,2633.57817814667
83.3244009999999,0.189355146665548,82.8450800000001,2617.34773514667
83.2127760000003,0.189355146665548,82.7317709999998,2590.97326414667
83.1011390000003,4.24696414666687,82.6184510000003,2570.68521014667
82.9894910000003,0.189355146665548,82.505118,2554.45476614667
82.8778309999998,2.21815914666695,82.3917730000003,2536.19551814667
82.7661600000001,-3.86825385333395,82.2784160000001,2521.99388014667
82.654477,-5.89705785333354,82.1650460000001,2505.76343714667
82.5427820000004,-3.86825385333395,82.051665,2491.56179914667
82.4310759999998,-5.89705785333354,81.938271,2479.38896614667
82.3193590000001,-9.95466685333304,81.8248659999999,2461.12971814667
82.2076290000005,-11.983471853333,81.711448,2455.04330214667
82.0958879999998,-14.0122758533344,81.5980180000006,2434.75524814667
81.984136,-16.0410808533343,81.4845750000004,2418.52480514667
81.8723719999998,-14.0122758533344,81.3711210000001,2398.23675214667
81.7605960000001,-16.0410808533343,81.257654,2379.97750314667
81.6488090000003,-11.983471853333,81.1441750000004,2359.68945014667
81.53701,-16.0410808533343,81.0306840000003,2339.40139714667
81.4251990000002,-18.0698848533339,80.9171800000004,2323.17095414667
81.3133760000001,-18.0698848533339,80.8036650000004,2302.88290114667
81.2015419999998,-16.0410808533343,80.6901370000005,2288.68126314667
81.089696,-9.95466685333304,80.5765959999999,2272.45082114667
80.9778390000001,-9.95466685333304,80.4630440000001,2254.19157314667
80.8659699999998,-7.92586285333346,80.3494790000004,2242.01874214667
80.754089,-3.86825385333395,80.2359020000004,2233.90352014667
80.6421959999998,-5.89705785333354,80.1223120000004,2231.87471514667
80.530291,-5.89705785333354,80.0087110000004,2221.73068914667
80.4183750000002,0.189355146665548,79.8950960000002,2217.67307814667
80.3064469999999,-1.83944985333437,79.7814699999999,2209.55785714667
80.1945070000002,-5.89705785333354,79.6678309999998,2203.47144114667
80.082555,-7.92586285333346,79.5541800000001,2197.38502514667
79.9705910000002,-7.92586285333346,79.4405160000006,2185.21219414667
79.8586160000004,-16.0410808533343,79.3268400000006,2177.09697314667
79.7466290000002,-22.1274938533334,79.2131520000003,2166.95294614667
79.6346290000001,-18.0698848533339,79.099451,2148.69369914667
79.522618,-24.1562988533333,78.9857380000003,2136.52086714667
79.4105960000006,-24.1562988533333,78.8720119999998,2118.26162014667
79.2985610000005,-28.2139078533346,78.7582739999998,2097.97356814667
79.186514,-24.1562988533333,78.6445229999999,2079.71432114667
79.0744549999999,-28.2139078533346,78.5307600000006,2061.45507414667
78.9623849999998,-20.0986898533338,78.4169849999998,2043.19582714667
78.8503019999998,-18.0698848533339,78.3031970000002,2028.99419014667
78.7382079999998,-22.1274938533334,78.1893970000001,2010.73494314667
78.6261009999998,-14.0122758533344,78.0755840000002,1990.44689114667
78.5139829999998,-16.0410808533343,77.9617580000004,1978.27406014667
78.4018530000003,-9.95466685333304,77.8479200000002,1970.15883914667
78.28971,-5.89705785333354,77.7340700000004,1955.95720314667
78.1775560000005,-5.89705785333354,77.6202069999999,1947.84198214667
78.0653899999998,-7.92586285333346,77.5063310000005,1933.64034614667
77.953211,-3.86825385333395,77.3924430000006,1925.52512514667
77.8410210000002,0.189355146665548,77.278542,1915.38109914667
77.7288180000005,2.21815914666695,77.1646289999999,1903.20826914667
77.6166030000004,2.21815914666695,77.0507029999999,1897.12185314667
77.5043770000002,-1.83944985333437,76.936764,1891.03543814667
77.3921380000002,-5.89705785333354,76.8228129999998,1880.89141214667
77.2798870000006,-5.89705785333354,76.7088490000006,1874.80499614667
77.1676240000006,-7.92586285333346,76.594873,1864.66097114667
77.0553490000002,-9.95466685333304,76.4808840000005,1858.57455514667
76.9430620000003,-11.983471853333,76.3668820000003,1850.45933514667
76.8307620000005,-16.0410808533343,76.2528680000005,1850.45933514667
76.7184510000006,-18.0698848533339,76.138841,1844.37291914667
76.606127,-20.0986898533338,76.0248010000005,1844.37291914667
76.4937909999999,-22.1274938533334,75.9107490000006,1836.25769914667
76.3814430000002,-20.0986898533338,75.7966839999999,1836.25769914667
76.2690830000001,-20.0986898533338,75.6826060000003,1826.11367314667
76.1567100000002,-24.1562988533333,75.5685160000003,1820.02725814667
76.0443249999998,-24.1562988533333,75.454412,1822.05606314667
75.931928,-22.1274938533334,75.3402960000003,1813.94084214667
75.8195190000006,-20.0986898533338,75.2261680000001,1809.88323214667
75.7070979999999,-20.0986898533338,75.1120259999998,1801.76801114667
75.5946640000002,-20.0986898533338,74.9978719999999,1795.68159614667
75.4822180000001,-20.0986898533338,74.8837050000002,1789.59518114667
75.3697590000002,-22.1274938533334,74.7695250000006,1787.56637614667
75.2572890000001,-22.1274938533334,74.6553320000003,1779.45115514667
75.1448060000002,-20.0986898533338,74.5411270000004,1775.39354514667
75.0323100000005,-18.0698848533339,74.4269089999998,1769.30713014667
74.9198020000003,-20.0986898533338,74.3126769999999,1765.24951914667
74.8072819999998,-14.0122758533344,74.1984330000005,1757.13429914667
74.6947500000006,-11.983471853333,74.0841770000006,1751.04788414667
74.5822050000006,-11.983471853333,73.9699070000006,1746.99027314667
74.4696480000002,-7.92586285333346,73.8556239999998,1742.93266314667
74.357078,-3.86825385333395,73.7413290000004,1736.84624814667
74.2444960000003,-5.89705785333354,73.6270210000002,1732.78863814667
74.1319020000001,-1.83944985333437,73.5126989999999,1726.70222214667
74.0192950000001,0.189355146665548,73.398365,1726.70222214667
73.9066760000005,-3.86825385333395,73.2840180000003,1718.58700214667
73.7940440000002,-1.83944985333437,73.1696579999998,1716.55819714667
73.6814000000004,-5.89705785333354,73.0552850000004,1712.50058714667
73.5687429999998,-3.86825385333395,72.9408990000002,1710.47178214667
73.4560740000006,-9.95466685333304,72.8265010000005,1704.38536614667
73.3433919999998,-11.983471853333,72.7120890000006,1698.29895114667
73.2306980000003,-11.983471853333,72.5976639999999,1694.24134114667
73.1179910000001,-16.0410808533343,72.4832260000003,1690.18373114667
73.0052720000003,-16.0410808533343,72.3687749999999,1690.18373114667
72.8925399999998,-14.0122758533344,72.2543110000006,1682.06851014667
72.7797950000004,-20.0986898533338,72.1398349999999,1678.01090014667
72.6670380000005,-16.0410808533343,72.025345,1682.06851014667
72.5542690000002,-14.0122758533344,71.9108420000002,1673.95329014667
72.4414870000001,-11.983471853333,71.7963260000006,1671.92448514667
72.328692,-16.0410808533343,71.6817970000002,1669.89568014667
72.2158840000002,-11.983471853333,71.5672549999999,1665.83807014667
72.1030639999999,-9.95466685333304,71.4526990000004,1663.80926514667
71.9902320000001,-9.95466685333304,71.3381310000004,1657.72285014667
71.8773860000001,-9.95466685333304,71.2235500000006,1653.66523914667
71.7645280000006,-3.86825385333395,71.1089550000006,1647.57882414667
71.6516570000003,-5.89705785333354,70.9943480000002,1641.49240914667
71.5387740000006,0.189355146665548,70.8797270000005,1635.40599414667
71.425878,-1.83944985333437,70.765093,1631.34838414667
71.3129690000005,6.27576814666645,70.6504460000006,1623.23316414667
71.2000480000006,4.24696414666687,70.5357860000004,1617.14674814667
71.0871130000005,4.24696414666687,70.421112,1609.03152814667
70.974166,12.3621821466659,70.3064260000001,1600.91630814667
70.8612069999999,10.333377146666,70.191726,1594.82989314667
70.7482340000006,14.3909861466655,70.0770130000001,1586.71467314667
70.6352489999999,8.30457314666637,69.9622870000003,1582.65706314667
70.5222510000003,12.3621821466659,69.8475470000003,1576.57064814667
70.40924,12.3621821466659,69.7327949999999,1568.45542714667
70.2962160000006,10.333377146666,69.6180290000002,1566.42662214667
70.1831790000006,10.333377146666,69.5032490000003,1562.36901214667
70.0701300000001,8.30457314666637,69.388457,1552.22498714667
69.9570680000006,10.333377146666,69.2736510000004,1552.22498714667
69.8439930000004,4.24696414666687,69.1588320000001,1550.19618214667
69.7309050000003,0.189355146665548,69.0439999999999,1544.10976714667
69.6178040000004,-1.83944985333437,68.9291540000004,1540.05215714667
69.5046899999998,-5.89705785333354,68.8142950000001,1535.99454714667
69.3915630000001,-9.95466685333304,68.699423,1525.85052214667
69.2784240000001,-9.95466685333304,68.5845380000001,1525.85052214667
69.1652709999998,-9.95466685333304,68.4696389999999,1517.73530214667
69.0521049999998,-14.0122758533344,68.3547260000005,1507.59127714667
68.9389270000001,-11.983471853333,68.2398010000006,1501.50486214667
68.8257359999998,-5.89705785333354,68.1248620000006,1493.38964214667
68.7125310000001,-5.89705785333354,68.0099090000003,1487.30322714667
68.599314,-3.86825385333395,67.8949440000006,1479.18800714667
68.4860829999998,-3.86825385333395,67.7799640000003,1473.10159214667
68.37284,2.21815914666695,67.6649720000005,1467.01517714667
68.2595840000004,2.21815914666695,67.5499660000005,1460.92876214667
68.1463140000005,2.21815914666695,67.4349460000003,1454.84234714667
68.0330320000003,2.21815914666695,67.3199130000003,1452.81354214667
67.9197359999998,4.24696414666687,67.2048670000004,1446.72712714667
67.8064279999999,-3.86825385333395,67.0898070000003,1444.69832214667
67.6931060000006,-1.83944985333437,66.9747340000004,1438.61190714667
67.5797710000006,-5.89705785333354,66.8596470000002,1436.58310214667
67.4664229999998,-7.92586285333346,66.7445470000002,1432.52549214667
67.3530620000001,-11.983471853333,66.6294330000001,1428.46788214667
67.2396880000006,-11.983471853333,66.514306,1420.35266214667
67.1263010000002,-16.0410808533343,66.3991649999998,1422.38146714667
67.0129000000006,-14.0122758533344,66.2840100000003,1412.23744214667
66.8994870000006,-7.92586285333346,66.168842,1410.20863714667
66.7860600000004,-14.0122758533344,66.0536609999999,1406.15102714667
66.6726200000003,-11.983471853333,65.9384660000005,1398.03580714667
66.5591670000003,-14.0122758533344,65.823257,1393.97819714667
66.4457000000002,-11.983471853333,65.7080350000006,1389.92058714667
66.3322210000006,-9.95466685333304,65.592799,1383.83417214667
66.2187279999998,-11.983471853333,65.4775500000005,1381.80536714667
66.1052220000001,-14.0122758533344,65.3622869999999,1375.71895314667
65.9917030000006,-7.92586285333346,65.24701,1369.63253814667
65.87817,-9.95466685333304,65.1317200000003,1367.60373314667
65.7646240000004,-5.89705785333354,65.0164160000004,1359.48851314667
65.651065,-7.92586285333346,64.9010980000003,1355.43090314667
65.5374929999998,-5.89705785333354,64.7857670000003,1345.28687814667
65.4239070000003,-5.89705785333354,64.6704220000001,1339.20046314667
65.3103080000001,-3.86825385333395,64.5550629999998,1327.02763414667
65.1966950000005,-5.89705785333354,64.4396910000005,1316.88360914667
65.0830700000006,-7.92586285333346,64.3243050000001,1306.73958414667
64.9694300000001,-3.86825385333395,64.2089050000004,1294.56675514667
64.8557780000001,-7.92586285333346,64.093492,1282.39392514667
64.7421119999999,0.189355146665548,63.9780639999999,1274.27870514667
64.6284329999999,-1.83944985333437,63.862623,1258.04826614667
64.5147400000005,2.21815914666695,63.7471690000002,1247.90424114667
64.4010340000004,2.21815914666695,63.6316999999999,1237.76021714667
64.2873140000002,4.24696414666687,63.5162179999998,1223.55858214667
64.1735820000004,2.21815914666695,63.4007220000003,1213.41455814667
64.059835,6.27576814666645,63.2852119999998,1203.27053314667
63.9460749999998,2.21815914666695,63.169688,1197.18411914667
63.8323019999998,4.24696414666687,63.0541510000003,1185.01128914667
63.7185150000005,4.24696414666687,62.9385990000001,1174.86726514667
63.6047150000004,-3.86825385333395,62.823034,1168.78085014667
63.4909010000001,-1.83944985333437,62.7074549999998,1162.69443614667
63.377074,-7.92586285333346,62.5918620000002,1152.55041114667
63.2632330000006,-9.95466685333304,62.4762550000005,1146.46399714667
63.1493780000001,-11.983471853333,62.360635,1136.31997214667
63.0355100000006,-16.0410808533343,62.2449999999999,1126.17594814667
62.9216290000004,-22.1274938533334,62.1293519999999,1116.03192314667
62.807734,-26.1851028533347,62.0136899999998,1099.80148514667
62.6938250000003,-30.2427118533342,61.898013,1091.68626514667
62.5799029999998,-28.2139078533346,61.7823230000004,1079.51343614667
62.4659670000001,-32.2715168533341,61.6666190000005,1067.34060714667
62.3520170000002,-30.2427118533342,61.5509010000005,1057.19658314667
62.2380540000004,-30.2427118533342,61.4351690000003,1047.05255814667
62.1240770000004,-30.2427118533342,61.3194229999999,1036.90853414667
62.0100870000006,-30.2427118533342,61.2036630000002,1032.85092514667
61.8960830000005,-28.2139078533346,61.0878890000004,1026.76451014667
61.7820650000003,-26.1851028533347,60.9721010000003,1020.67809514667
61.6680329999999,-20.0986898533338,60.856299,1014.59168114667
61.5539880000006,-20.0986898533338,60.7404830000005,1004.44765714667
61.4399290000001,-16.0410808533343,60.6246529999999,1000.39004714667
61.3258560000004,-16.0410808533343,60.5088089999999,988.217218146667
61.2117699999999,-11.983471853333,60.3929509999998,980.101999146666
61.0976700000001,-9.95466685333304,60.2770790000004,967.929170146666
60.9835560000001,-5.89705785333354,60.1611929999999,951.698732146666
60.869428,-9.95466685333304,60.0452919999998,941.554708146667
60.755287,-7.92586285333346,59.9293779999998,925.324269146666
60.6411320000007,-1.83944985333437,59.8134500000006,919.237855146666
60.5269630000003,-3.86825385333395,59.6975069999999,900.978612146666
60.4127800000006,-5.89705785333354,59.5815499999999,896.921002146666
60.2985829999998,-1.83944985333437,59.4655790000006,886.776978146667
60.1843720000006,-1.83944985333437,59.3495940000003,882.719369146665
60.0701479999998,-11.983471853333,59.2335950000006,874.604149146666
59.9559100000006,-11.983471853333,59.1175819999999,876.632954146666
59.8416580000003,-18.0698848533339,59.0015540000004,868.517735146666
59.7273910000004,-22.1274938533334,58.8855130000002,868.517735146666
59.613112,-24.1562988533333,58.7694570000003,856.344906146665
59.498818,-28.2139078533346,58.6533870000003,856.344906146665
59.3845099999999,-34.3003208533337,58.5373030000001,848.229687146666
59.2701880000004,-30.2427118533342,58.4212040000002,842.143273146667
59.1558530000002,-32.2715168533341,58.3050910000002,834.028054146665
59.0415030000004,-32.2715168533341,58.1889650000003,823.884030146666
58.9271390000004,-32.2715168533341,58.0728230000004,817.797616146667
58.8127620000005,-34.3003208533337,57.9566679999998,803.595983146666
58.6983700000001,-32.2715168533341,57.8404980000005,793.451959146667
58.5839649999998,-26.1851028533347,57.724314,783.307935146666
58.4695449999999,-22.1274938533334,57.6081160000003,775.192716146666
58.3551120000002,-18.0698848533339,57.4919030000001,760.991083146666
58.2406639999999,-18.0698848533339,57.3756760000006,750.847059146667
58.1262020000004,-20.0986898533338,57.2594349999999,736.645426146666
58.0117260000006,-16.0410808533343,57.1431790000006,724.472598146665
57.8972370000001,-16.0410808533343,57.0269100000005,708.242160146667
57.782733,-5.89705785333354,56.9106250000004,692.011722146666
57.6682150000006,-7.92586285333346,56.7943270000005,675.781284146666
57.5536830000001,-7.92586285333346,56.6780140000001,661.579651146667
57.439136,-3.86825385333395,56.561686,655.493237146666
57.324576,-1.83944985333437,56.4453450000001,643.320409146667
57.2100019999998,0.189355146665548,56.3289880000002,633.176386146666
57.095413,2.21815914666695,56.2126180000005,627.089972146667
56.98081,-1.83944985333437,56.0962330000002,621.003558146665
56.8661929999998,-3.86825385333395,55.9798330000003,614.917143146666
56.7515620000004,-3.86825385333395,55.8634200000006,614.917143146666
56.6369169999998,-3.86825385333395,55.746991,612.888339146666
56.5222570000005,-14.0122758533344,55.6305480000001,606.801925146667
56.4075830000002,-16.0410808533343,55.514091,604.773120146667
56.2928950000005,-20.0986898533338,55.3976190000003,600.715511146665
56.1781930000006,-24.1562988533333,55.2811330000004,600.715511146665
56.0634760000003,-30.2427118533342,55.164632,592.600292146666
55.948746,-30.2427118533342,55.0481170000003,592.600292146666
55.8340010000002,-32.2715168533341,54.931587,582.456269146665
55.7192409999998,-30.2427118533342,54.8150430000005,574.341050146666
55.6044680000005,-34.3003208533337,54.6984840000005,566.225831146667
55.4896800000006,-30.2427118533342,54.5819110000002,556.081808146666
55.3748770000002,-30.2427118533342,54.4653230000004,549.995394146667
55.260061,-24.1562988533333,54.34872,539.851370146665
55.1452300000001,-22.1274938533334,54.2321030000003,525.649738146667
55.0303840000006,-20.0986898533338,54.1154720000004,515.505715146666
54.915524,-14.0122758533344,53.9988250000006,511.448105146666
54.8006500000001,-16.0410808533343,53.8821640000006,499.275277146666
54.6857620000001,-9.95466685333304,53.7654890000003,493.188863146666
54.5708590000004,-9.95466685333304,53.6487990000005,487.102450146665
54.4559420000005,-3.86825385333395,53.5320940000001,481.016036146666
54.3410100000001,-5.89705785333354,53.4153740000002,470.872012146667
54.2260640000004,-3.86825385333395,53.29864,468.843208146665
54.1111030000002,0.189355146665548,53.1818910000002,464.785598146666
53.9961279999998,-3.86825385333395,53.0651280000002,462.756794146666
53.8811380000006,-5.89705785333354,52.9483500000006,462.756794146666
53.7661340000004,-5.89705785333354,52.8315570000004,458.699185146666
53.651116,-5.89705785333354,52.7147489999998,452.612771146667
53.536083,-14.0122758533344,52.5979269999998,448.555161146665
53.4210350000003,-11.983471853333,52.4810900000002,444.497552146666
53.3059730000004,-14.0122758533344,52.3642380000001,432.324724146667
53.1908960000001,-14.0122758533344,52.2473710000004,424.209506146666
53.0758050000004,-18.0698848533339,52.1304900000005,414.065483146665
52.9606990000002,-16.0410808533343,52.013594,395.806241146665
52.8455789999998,-16.0410808533343,51.8966829999999,387.691023146666
52.7304439999998,-18.0698848533339,51.7797570000002,377.547000146666
52.6152940000002,-18.0698848533339,51.6628170000004,369.431781146666
52.5001300000004,-20.0986898533338,51.5458619999999,361.316563146665
52.384951,-16.0410808533343,51.4288919999999,353.201345146666
52.2697580000004,-22.1274938533334,51.3119070000002,349.143735146667
52.1545500000002,-26.1851028533347,51.1949070000001,345.086126146667
52.0393270000004,-24.1562988533333,51.0778920000002,343.057322146666
51.9240890000001,-28.2139078533346,50.9608630000002,336.970908146666
51.8088370000005,-28.2139078533346,50.8438180000003,341.028517146666
51.6935700000004,-30.2427118533342,50.7267590000001,336.970908146666
51.578289,-30.2427118533342,50.6096850000004,334.942103146666
51.4629930000001,-30.2427118533342,50.492596,334.942103146666
51.3476820000005,-36.3291258533336,50.3754920000001,326.826885146666
51.2323560000004,-34.3003208533337,50.2583730000006,324.798080146666
51.1170160000001,-36.3291258533336,50.1412390000005,320.740471146666
51.0016599999999,-40.3867338533346,50.0240899999999,312.625253146667
50.8862900000004,-44.4443428533341,49.906927,306.538839146666
50.7709060000007,-40.3867338533346,49.7897480000001,302.481230146666
50.6555060000001,-46.473147853334,49.6725539999998,298.423621146667
50.5400920000002,-42.4155388533345,49.5553460000001,294.366011146667
50.4246629999998,-44.4443428533341,49.4381220000005,284.221989146667
50.3092180000003,-46.473147853334,49.3208830000003,282.193184146667
50.1937600000001,-52.5595608533331,49.20363,272.049161146666
50.0782859999999,-48.5019518533336,49.0863610000006,270.020357146666
49.9627970000001,-48.5019518533336,48.9690770000007,265.962747146667
49.8472940000001,-46.473147853334,48.8517780000002,257.847529146666
49.7317750000002,-46.473147853334,48.7344640000001,251.761116146667
49.6162420000001,-48.5019518533336,48.6171359999998,249.732311146667
49.5006940000003,-40.3867338533346,48.4997920000005,243.645897146665
49.385131,-38.3579298533332,48.3824320000003,235.530679146666
49.2695530000001,-34.3003208533337,48.265058,227.415461146666
49.1539600000006,-36.3291258533336,48.147669,225.386656146666
49.0383520000005,-36.3291258533336,48.0302650000003,215.242633146667
48.9227289999999,-34.3003208533337,47.9128449999998,213.213829146665
48.8070910000006,-30.2427118533342,47.7954110000001,205.098611146666
48.6914379999998,-32.2715168533341,47.6779610000003,192.925783146666
48.5757700000004,-32.2715168533341,47.5604960000001,190.896979146666
48.4600870000004,-30.2427118533342,47.4430160000002,182.781761146665
48.3443889999999,-30.2427118533342,47.3255200000003,178.724152146666
48.2286760000006,-32.2715168533341,47.2080100000003,170.608934146667
48.112948,-30.2427118533342,47.0904840000003,168.580129146667
47.9972050000006,-24.1562988533333,46.9729429999998,164.522520146666
47.8814469999998,-24.1562988533333,46.8553870000005,158.436106146666
47.7656740000002,-24.1562988533333,46.7378159999998,156.407302146667
47.6498860000002,-20.0986898533338,46.6202290000001,150.320888146665
47.5340820000001,-22.1274938533334,46.5026280000002,146.263279146666
47.4182639999999,-18.0698848533339,46.3850110000003,138.148061146667
47.3024300000006,-20.0986898533338,46.2673780000005,132.061647146666
47.1865809999999,-22.1274938533334,46.1497310000004,128.004038146666
47.0707170000005,-22.1274938533334,46.0320680000004,121.917625146667
46.9548380000006,-24.1562988533333,45.9143899999999,117.860016146666
46.8389430000007,-22.1274938533334,45.7966960000003,111.773602146666
46.7230340000006,-32.2715168533341,45.6789870000002,113.802407146666
46.6071090000005,-34.3003208533337,45.5612630000005,109.744798146667
46.4911689999999,-42.4155388533345,45.4435240000003,111.773602146666
46.3752140000006,-44.4443428533341,45.325769,107.715993146667
46.2592439999999,-50.5307568533335,45.2079990000002,109.744798146667
46.1432580000001,-50.5307568533335,45.0902130000004,109.744798146667
46.0272570000006,-54.588365853333,44.9724120000001,111.773602146666
45.9112409999998,-58.6459748533343,44.8545960000001,109.744798146667
45.7952089999999,-58.6459748533343,44.7367640000002,109.744798146667
45.6791629999998,-58.6459748533343,44.6189169999998,111.773602146666
45.5631010000006,-58.6459748533343,44.5010540000003,111.773602146666
45.4470230000006,-54.588365853333,44.3831770000006,103.658384146665
45.3309300000001,-54.588365853333,44.2652830000006,109.744798146667
45.2148219999999,-54.588365853333,44.1473740000001,103.658384146665
45.0986990000001,-50.5307568533335,44.02945,97.5719711466663
44.9825600000004,-44.4443428533341,43.9115099999999,97.5719711466663
44.8664060000001,-44.4443428533341,43.7935550000002,95.5431661466664
44.7502370000002,-40.3867338533346,43.6755840000005,93.5143621466668
44.6340520000003,-46.473147853334,43.5575980000003,89.4567531466655
44.5178510000005,-44.4443428533341,43.4395960000002,87.4279481466656
44.4016360000005,-40.3867338533346,43.3215790000004,85.399144146666
44.2854040000002,-46.473147853334,43.2035460000006,85.399144146666
44.1691580000006,-48.5019518533336,43.0854980000004,85.399144146666
44.0528960000001,-50.5307568533335,42.9674340000001,83.3703391466661
43.9366180000006,-52.5595608533331,42.8493550000003,81.3415351466665
43.8203250000006,-56.6171698533344,42.7312600000005,81.3415351466665
43.704017,-56.6171698533344,42.6131489999998,81.3415351466665
43.5876930000004,-56.6171698533344,42.4950230000004,77.283926146667
43.4713529999999,-58.6459748533343,42.3768810000001,73.2263171466657
43.3549979999998,-54.588365853333,42.2587240000003,77.283926146667
43.2386280000001,-52.5595608533331,42.1405510000004,77.283926146667
43.122241,-52.5595608533331,42.0223620000006,73.2263171466657
43.0058399999998,-50.5307568533335,41.9041580000003,75.2551211466671
42.8894230000005,-48.5019518533336,41.785938,71.1975121466658
42.7729900000004,-44.4443428533341,41.6677020000006,75.2551211466671
42.6565410000003,-44.4443428533341,41.5494509999999,71.1975121466658
42.5400770000006,-44.4443428533341,41.431184,71.1975121466658
42.4235980000003,-40.3867338533346,41.3129020000006,71.1975121466658
42.3071019999998,-38.3579298533332,41.1946029999999,65.1110991466667
42.1905919999999,-34.3003208533337,41.0762890000005,59.0246851466654
42.0740649999998,-34.3003208533337,40.9579600000006,61.0534901466654
41.957523,-32.2715168533341,40.8396140000004,59.0246851466654
41.8409650000003,-32.2715168533341,40.7212530000006,52.9382721466663
41.7243910000007,-32.2715168533341,40.6028759999999,52.9382721466663
41.6078020000004,-28.2139078533346,40.4844830000002,52.9382721466663
41.4911970000003,-26.1851028533347,40.3660749999999,50.9094671466664
41.3745760000002,-32.2715168533341,40.2476510000006,48.8806631466668
41.2579400000004,-30.2427118533342,40.1292110000004,44.8230541466655
41.1412879999998,-26.1851028533347,40.0107550000002,46.8518581466669
41.0246200000001,-32.2715168533341,39.8922830000001,42.7942491466656
40.9079360000005,-28.2139078533346,39.7737960000004,38.7366401466661
40.7912370000004,-28.2139078533346,39.6552920000004,36.7078361466665
40.6745209999999,-34.3003208533337,39.5367729999998,40.765445146666
40.5577899999998,-32.2715168533341,39.4182380000002,36.7078361466665
40.4410440000001,-34.3003208533337,39.2996870000006,36.7078361466665
40.3242810000002,-36.3291258533336,39.1811210000005,36.7078361466665
40.2075020000002,-36.3291258533336,39.0625380000001,44.8230541466655
40.0907080000006,-40.3867338533346,38.9439400000001,42.7942491466656
39.9738980000002,-44.4443428533341,38.8253249999998,44.8230541466655
39.8570719999998,-46.473147853334,38.7066949999999,46.8518581466669
39.7402300000003,-52.5595608533331,38.588049,50.9094671466664
39.623372,-52.5595608533331,38.4693859999998,50.9094671466664
39.5064980000006,-56.6171698533344,38.3507079999999,50.9094671466664
39.3896080000004,-56.6171698533344,38.2320140000002,52.9382721466663
39.2727030000005,-58.6459748533343,38.1133040000004,48.8806631466668
39.1557810000004,-56.6171698533344,37.9945779999998,46.8518581466669
39.0388440000006,-52.5595608533331,37.8758360000002,46.8518581466669
38.9218900000005,-52.5595608533331,37.7570780000005,40.765445146666
38.8049209999999,-48.5019518533336,37.6383040000001,38.7366401466661
38.6879360000003,-46.473147853334,37.519515,32.650227146667
38.5709340000003,-48.5019518533336,37.4007090000005,26.5638131466658
38.4539169999998,-46.473147853334,37.2818870000001,20.4774001466667
38.3368829999999,-44.4443428533341,37.1630489999998,12.3621821466659
38.2198340000004,-40.3867338533346,37.0441940000001,10.333377146666
38.1027680000007,-42.4155388533345,36.9253239999998,4.24696414666687
37.9856870000003,-44.4443428533341,36.8064380000005,0.189355146665548
37.8685890000006,-38.3579298533332,36.6875360000004,-7.92586285333346
37.7514760000004,-38.3579298533332,36.5686169999999,-9.95466685333304
37.6343459999998,-36.3291258533336,36.4496829999998,-11.983471853333
37.5172000000002,-38.3579298533332,36.3307320000004,-11.983471853333
37.4000379999998,-36.3291258533336,36.211765,-14.0122758533344
37.2828600000003,-38.3579298533332,36.0927830000001,-11.983471853333
37.1656659999999,-38.3579298533332,35.9737839999998,-5.89705785333354
37.0484550000001,-40.3867338533346,35.8547680000001,-7.92586285333346
36.9312289999998,-44.4443428533341,35.735737,-5.89705785333354
36.8139860000001,-40.3867338533346,35.6166899999998,2.21815914666695
36.6967270000005,-46.473147853334,35.4976260000003,8.30457314666637
36.5794519999999,-50.5307568533335,35.3785459999999,6.27576814666645
36.4621610000004,-52.5595608533331,35.2594500000005,8.30457314666637
36.3448530000005,-54.588365853333,35.1403380000002,8.30457314666637
36.2275289999998,-52.5595608533331,35.0212090000005,6.27576814666645
36.110189,-48.5019518533336,34.9020639999999,6.27576814666645
35.9928330000002,-52.5595608533331,34.7829030000003,2.21815914666695
35.8754610000005,-50.5307568533335,34.6637259999998,2.21815914666695
35.7580720000005,-48.5019518533336,34.5445330000002,0.189355146665548
35.6406670000006,-50.5307568533335,34.4253230000004,-3.86825385333395
35.5232460000007,-46.473147853334,34.3060970000006,-9.95466685333304
35.4058080000004,-44.4443428533341,34.1868549999999,-11.983471853333
35.2883540000003,-40.3867338533346,34.0675959999999,-16.0410808533343
35.1708840000001,-46.473147853334,33.9483209999999,-14.0122758533344
35.0533970000006,-48.5019518533336,33.8290299999999,-18.0698848533339
34.9358940000002,-54.588365853333,33.7097220000005,-18.0698848533339
34.8183749999998,-58.6459748533343,33.5903980000003,-16.0410808533343
34.7008390000001,-62.7035838533338,33.4710580000001,-18.0698848533339
34.5832870000004,-70.8188008533343,33.3517010000005,-18.0698848533339
34.4657189999998,-76.9052148533337,33.2323280000001,-22.1274938533334
34.3481339999998,-82.9916278533346,33.1129390000006,-22.1274938533334
34.2305320000005,-87.0492368533342,32.9935329999998,-22.1274938533334
34.1129150000006,-87.0492368533342,32.8741110000001,-24.1562988533333
33.9952800000001,-89.0780408533337,32.754672,-22.1274938533334
33.87763,-89.0780408533337,32.635217,-20.0986898533338
33.7599630000004,-89.0780408533337,32.5157450000006,-22.1274938533334
33.6422790000006,-89.0780408533337,32.3962579999998,-16.0410808533343
33.5245789999999,-87.0492368533342,32.2767530000001,-18.0698848533339
33.4068619999998,-85.0204328533346,32.1572320000005,-18.0698848533339
33.2891289999998,-82.9916278533346,32.037695,-20.0986898533338
33.1713799999998,-78.9340188533333,31.9181410000001,-18.0698848533339
33.0536140000004,-78.9340188533333,31.7985710000003,-18.0698848533339
32.9358309999998,-76.9052148533337,31.6789840000001,-20.0986898533338
32.8180320000001,-74.8764098533338,31.559381,-24.1562988533333
32.7002160000002,-70.8188008533343,31.4397610000005,-24.1562988533333
32.5823829999999,-66.761191853333,31.3201250000002,-24.1562988533333
32.4645340000006,-66.761191853333,31.2004720000004,-30.2427118533342
32.3466690000005,-60.6747788533339,31.0808020000004,-38.3579298533332
32.2287860000006,-58.6459748533343,30.9611160000004,-36.3291258533336
32.1108869999998,-56.6171698533344,30.8414140000004,-36.3291258533336
31.992972,-58.6459748533343,30.7216939999998,-34.3003208533337
31.8750399999999,-58.6459748533343,30.6019590000005,-36.3291258533336
31.7570910000004,-56.6171698533344,30.4822060000006,-38.3579298533332
31.6391250000006,-60.6747788533339,30.3624369999998,-40.3867338533346
31.5211429999999,-56.6171698533344,30.2426519999999,-34.3003208533337
31.4031439999999,-64.7323878533334,30.1228490000003,-34.3003208533337
31.2851289999999,-68.7899968533329,30.0030299999999,-36.3291258533336
31.1670960000001,-72.8476058533342,29.8831950000003,-38.3579298533332
31.0490470000004,-78.9340188533333,29.7633430000005,-42.4155388533345
30.9309819999999,-76.9052148533337,29.6434740000004,-40.3867338533346
30.8128990000005,-78.9340188533333,29.523588,-44.4443428533341
30.6948000000002,-78.9340188533333,29.4036860000006,-46.473147853334
30.5766840000006,-87.0492368533342,29.2837669999999,-50.5307568533335
30.4585510000006,-85.0204328533346,29.1638309999998,-52.5595608533331
30.3404010000004,-85.0204328533346,29.0438789999998,-54.588365853333
30.2222350000002,-87.0492368533342,28.9239100000004,-56.6171698533344
30.1040510000003,-87.0492368533342,28.8039239999998,-58.6459748533343
29.9858510000004,-85.0204328533346,28.6839209999998,-64.7323878533334
29.8676340000002,-85.0204328533346,28.5639019999999,-62.7035838533338
29.7494000000006,-82.9916278533346,28.4438650000002,-64.7323878533334
29.6311489999998,-85.0204328533346,28.3238120000005,-66.761191853333
29.512882,-85.0204328533346,28.203743,-68.7899968533329
29.3945970000004,-82.9916278533346,28.0836559999998,-74.8764098533338
29.276296,-87.0492368533342,27.9635530000005,-72.8476058533342
29.1579780000002,-82.9916278533346,27.8434320000006,-78.9340188533333
29.0396420000006,-85.0204328533346,27.7232949999998,-76.9052148533337
28.9212900000002,-85.0204328533346,27.6031410000005,-82.9916278533346
28.8029210000004,-89.0780408533337,27.4829710000004,-82.9916278533346
28.6845350000003,-87.0492368533342,27.3627830000005,-78.9340188533333
28.5661319999999,-87.0492368533342,27.2425780000003,-80.9628238533332
28.4477120000001,-85.0204328533346,27.1223570000002,-82.9916278533346
28.3292750000001,-91.1068458533337,27.0021189999998,-78.9340188533333
28.2108200000002,-91.1068458533337,26.881864,-76.9052148533337
28.0923490000005,-91.1068458533337,26.7615910000004,-78.9340188533333
27.9738610000004,-95.1644548533332,26.641302,-76.9052148533337
27.855356,-93.1356498533332,26.5209960000002,-78.9340188533333
27.7368340000003,-91.1068458533337,26.4006740000004,-74.8764098533338
27.6182939999999,-93.1356498533332,26.280334,-74.8764098533338
27.4997380000004,-91.1068458533337,26.1599770000003,-74.8764098533338
27.3811649999998,-87.0492368533342,26.0396030000002,-80.9628238533332
27.2625740000003,-89.0780408533337,25.9192119999998,-85.0204328533346
27.1439660000005,-91.1068458533337,25.798804,-85.0204328533346
27.0253419999999,-89.0780408533337,25.6783800000003,-87.0492368533342
26.9067000000005,-91.1068458533337,25.5579379999999,-93.1356498533332
26.7880409999998,-93.1356498533332,25.4374790000002,-97.1932588533346
26.6693640000003,-95.1644548533332,25.3170030000001,-101.250867853334
26.550671,-97.1932588533346,25.1965099999998,-101.250867853334
26.4319599999999,-97.1932588533346,25.076,-101.250867853334
26.3132320000004,-97.1932588533346,24.955473,-111.394889853334
26.1944869999998,-101.250867853334,24.8349290000006,-105.308476853334
26.0757250000006,-103.279672853334,24.7143679999999,-115.452498853334
25.9569460000002,-101.250867853334,24.5937890000005,-111.394889853334
25.8381490000002,-105.308476853334,24.4731940000001,-113.423694853334
25.7193349999998,-101.250867853334,24.3525810000001,-113.423694853334
25.600504,-99.2220638533345,24.2319520000001,-113.423694853334
25.4816559999999,-99.2220638533345,24.1113050000004,-111.394889853334
25.3627900000001,-99.2220638533345,23.9906410000003,-121.538912853333
25.243907,-97.1932588533346,23.86996,-115.452498853334
25.1250060000002,-93.1356498533332,23.7492620000003,-115.452498853334
25.0060890000004,-95.1644548533332,23.6285459999999,-121.538912853333
24.887154,-95.1644548533332,23.5078140000005,-119.510107853333
24.7682009999999,-91.1068458533337,23.3870640000005,-127.625325853334
24.6492319999998,-95.1644548533332,23.2662970000001,-121.538912853333
24.5302449999999,-95.1644548533332,23.1455120000001,-121.538912853333
24.4112400000004,-95.1644548533332,23.024711,-127.625325853334
24.2922180000005,-97.1932588533346,22.9038920000003,-129.654129853334
24.1731790000003,-101.250867853334,22.7830560000002,-129.654129853334
24.0541220000005,-107.337280853333,22.6622029999999,-131.682934853334
23.9350480000003,-109.366085853333,22.5413330000001,-133.711738853333
23.8159569999998,-113.423694853334,22.4204450000007,-137.769347853335
23.6968480000005,-119.510107853333,22.29954,-135.740543853333
23.577722,-119.510107853333,22.1786170000005,-131.682934853334
23.4585779999998,-125.596520853334,22.0576780000001,-133.711738853333
23.3394159999998,-125.596520853334,21.936721,-131.682934853334
23.2202370000005,-125.596520853334,21.8157460000002,-131.682934853334
23.1010409999999,-121.538912853333,21.6947550000004,-129.654129853334
22.9818270000005,-125.596520853334,21.573746,-129.654129853334
22.8625959999999,-119.510107853333,21.4527189999999,-127.625325853334
22.7433470000005,-119.510107853333,21.3316759999998,-125.596520853334
22.6240800000005,-119.510107853333,21.2106140000005,-123.567716853333
22.5047960000002,-119.510107853333,21.0895360000004,-123.567716853333
22.3854950000004,-121.538912853333,20.9684400000006,-127.625325853334
22.2661760000001,-121.538912853333,20.8473270000004,-127.625325853334
22.146839,-121.538912853333,20.7261960000005,-131.682934853334
22.0274840000002,-119.510107853333,20.6050480000004,-135.740543853333
21.9081120000001,-119.510107853333,20.4838820000004,-139.798151853334
21.7887230000006,-117.481303853334,20.3626990000002,-143.855760853334
21.6693150000001,-117.481303853334,20.2414990000007,-149.942174853333
21.5498900000002,-119.510107853333,20.1202810000004,-151.970978853335
21.4304480000001,-117.481303853334,19.9990450000005,-158.057391853334
21.3109869999998,-119.510107853333,19.8777920000002,-158.057391853334
21.1915090000002,-119.510107853333,19.7565220000006,-156.028587853334
21.0720140000003,-121.538912853333,19.6352340000003,-156.028587853334
20.9525000000003,-119.510107853333,19.5139280000003,-153.999782853334
20.832969,-123.567716853333,19.392605,-153.999782853334
20.71342,-123.567716853333,19.2712650000003,-151.970978853335
20.5938540000006,-121.538912853333,19.149907,-149.942174853333
20.4742690000003,-129.654129853334,19.0285309999999,-149.942174853333
20.3546670000005,-133.711738853333,18.9071380000005,-145.884565853334
20.2350470000001,-135.740543853333,18.7857270000004,-143.855760853334
20.1154100000003,-137.769347853335,18.664299,-145.884565853334
19.9957540000005,-137.769347853335,18.5428529999999,-141.826956853334
19.8760810000003,-139.798151853334,18.4213890000001,-145.884565853334
19.7563900000005,-139.798151853334,18.299908,-143.855760853334
19.636681,-141.826956853334,18.1784090000001,-147.913369853333
19.5169540000006,-143.855760853334,18.0568929999999,-145.884565853334
19.3972090000007,-139.798151853334,17.9353590000001,-147.913369853333
19.2774470000004,-141.826956853334,17.8138070000005,-153.999782853334
19.1576660000001,-143.855760853334,17.6922370000002,-151.970978853335
19.0378680000003,-143.855760853334,17.5706500000006,-160.086196853334
18.918052,-143.855760853334,17.4490450000003,-158.057391853334
18.7982170000005,-143.855760853334,17.3274230000006,-164.143805853333
18.6783649999998,-143.855760853334,17.2057830000003,-168.201413853334
18.5584950000002,-149.942174853333,17.0841250000003,-168.201413853334
18.438607,-143.855760853334,16.9624490000006,-168.201413853334
18.3187010000001,-147.913369853333,16.8407550000002,-174.287827853334
18.1987770000005,-145.884565853334,16.7190440000004,-176.316631853333
18.0788360000006,-143.855760853334,16.597315,-176.316631853333
17.9588760000006,-147.913369853333,16.4755690000002,-178.345436853333
17.838898,-149.942174853333,16.3538040000003,-176.316631853333
17.7189020000005,-153.999782853334,16.2320220000001,-182.403044853334
17.5988880000004,-153.999782853334,16.1102220000002,-176.316631853333
17.4788560000006,-151.970978853335,15.9884040000006,-180.374240853334
17.3588060000002,-158.057391853334,15.8665680000004,-178.345436853333
17.2387370000006,-162.115000853333,15.7447140000004,-182.403044853334
17.1186509999998,-160.086196853334,15.6228430000001,-180.374240853334
16.9985470000001,-162.115000853333,15.5009540000001,-182.403044853334
16.8784240000005,-158.057391853334,15.3790470000004,-182.403044853334
16.7582840000005,-160.086196853334,15.257122,-184.431849853334
16.6381250000004,-162.115000853333,15.1351789999999,-184.431849853334
16.5179480000006,-158.057391853334,15.0132180000001,-186.460653853333
16.3977540000005,-156.028587853334,14.8912390000005,-192.547066853334
16.27754,-156.028587853334,14.7692430000006,-188.489458853333
16.1573090000002,-151.970978853335,14.6472279999998,-190.518262853333
16.0370600000006,-153.999782853334,14.5251960000005,-192.547066853334
15.916792,-149.942174853333,14.4031460000006,-194.575871853334
15.7965060000006,-153.999782853334,14.2810770000006,-192.547066853334
15.6762020000006,-149.942174853333,14.1589910000002,-196.604675853334
15.5558799999999,-153.999782853334,14.0368870000002,-196.604675853334
15.4355390000001,-156.028587853334,13.9147650000004,-202.691089853333
15.3151800000005,-151.970978853335,13.7926240000006,-202.691089853333
15.1948030000003,-153.999782853334,13.6704660000005,-204.719893853333
15.0744080000004,-160.086196853334,13.5482900000006,-206.748697853334
14.9539940000004,-160.086196853334,13.4260960000001,-208.777502853334
14.8335619999998,-166.172609853335,13.3038830000005,-212.835111853334
14.7131120000004,-164.143805853333,13.1816530000006,-216.892719853333
14.592643,-166.172609853335,13.059405,-214.863915853333
14.4721570000002,-168.201413853334,12.9371380000002,-216.892719853333
14.3516509999999,-172.259022853334,12.8148540000002,-218.921524853335
14.2311280000004,-174.287827853334,12.6925510000001,-222.979133853334
14.1105859999998,-170.230218853334,12.5702300000003,-225.007937853334
13.9900250000001,-176.316631853333,12.4478909999998,-222.979133853334
13.869447,-180.374240853334,12.3255349999999,-222.979133853334
13.7488490000005,-182.403044853334,12.20316,-225.007937853334
13.6282339999998,-184.431849853334,12.080766,-229.065546853333
13.5075999999999,-184.431849853334,11.9583549999998,-231.094350853335
13.386947,-182.403044853334,11.8359260000007,-237.180763853334
13.2662770000006,-186.460653853333,11.7134780000006,-239.209568853334
13.145587,-184.431849853334,11.5910119999999,-241.238372853333
13.0248790000005,-182.403044853334,11.4685280000003,-245.295981853335
12.9041530000004,-178.345436853333,11.3460260000002,-247.324785853334
12.7834080000002,-178.345436853333,11.2235060000003,-251.382394853334
12.6626450000003,-178.345436853333,11.1009670000003,-253.411199853334
12.5418630000004,-178.345436853333,10.9784100000006,-257.468807853335
12.4210629999998,-172.259022853334,10.8558350000003,-255.440003853333
12.300244,-172.259022853334,10.7332420000002,-261.526416853334
12.1794070000005,-170.230218853334,10.6106300000001,-261.526416853334
12.0585510000001,-168.201413853334,10.4880000000003,-265.584025853334
11.9376760000005,-170.230218853334,10.3653519999998,-261.526416853334
11.8167830000002,-168.201413853334,10.2426860000005,-267.612829853333
11.6958709999999,-170.230218853334,10.1200010000002,-273.699243853334
11.5749409999999,-174.287827853334,9.99729800000023,-271.670438853334
11.4539920000007,-174.287827853334,9.8745770000005,-275.728047853334
11.3330240000005,-178.345436853333,9.75183800000013,-281.814460853333
11.2120380000006,-178.345436853333,9.62908000000061,-281.814460853333
11.0910330000006,-184.431849853334,9.50630300000012,-281.814460853333
10.97001,-184.431849853334,9.38350900000023,-283.843264853334
10.8489669999999,-188.489458853333,9.26069600000028,-287.900873853334
10.7279060000001,-190.518262853333,9.13786400000026,-285.872069853334
10.6068270000005,-188.489458853333,9.01501499999995,-283.843264853334
10.4857280000006,-194.575871853334,8.89214600000014,-283.843264853334
10.364611,-190.518262853333,8.76926000000003,-283.843264853334
10.2434750000002,-190.518262853333,8.64635499999986,-285.872069853334
10.1223209999998,-196.604675853334,8.52343100000053,-287.900873853334
10.0011480000003,-194.575871853334,8.40048999999999,-289.929678853334
9.87995500000034,-192.547066853334,8.27752899999996,-291.958482853333
9.75874500000009,-192.547066853334,8.15455100000054,-293.987286853333
9.63751500000035,-190.518262853333,8.0315529999998,-289.929678853334
9.51626600000054,-198.633480853334,7.90853800000059,-293.987286853333
9.3949990000001,-194.575871853334,7.7855040000004,-293.987286853333
9.2737130000005,-200.662284853333,7.66245100000015,-291.958482853333
9.15240799999992,-198.633480853334,7.53938000000016,-291.958482853333
9.03108400000019,-202.691089853333,7.41629000000012,-293.987286853333
8.90974199999982,-206.748697853334,7.29318200000034,-296.016091853333
8.78837999999996,-212.835111853334,7.1700550000005,-293.987286853333
8.66700000000037,-216.892719853333,7.04691000000003,-304.131308853333
8.54560000000038,-222.979133853334,6.92374600000039,-302.102504853334
8.42418200000066,-227.036741853333,6.80056400000012,-312.246526853334
8.30274499999996,-225.007937853334,6.67736299999979,-318.332939853333
8.18128900000011,-229.065546853333,6.55414300000029,-318.332939853333
8.05981400000019,-233.123155853335,6.43090500000017,-324.419352853334
7.9383200000002,-229.065546853333,6.30764799999997,-332.534570853333
7.81680700000015,-231.094350853335,6.18437300000005,-330.505765853333
7.69527500000004,-229.065546853333,6.06107900000006,-332.534570853333
7.57372399999986,-227.036741853333,5.93776600000001,-336.592178853334
7.45215400000052,-229.065546853333,5.81443500000023,-340.649787853334
7.33056500000021,-229.065546853333,5.69108500000038,-336.592178853334
7.20895699999983,-227.036741853333,5.56771600000047,-342.678591853333
7.08733000000029,-227.036741853333,5.44432899999993,-340.649787853334
6.96568399999978,-229.065546853333,5.32092300000022,-338.620983853334
6.84401900000012,-231.094350853335,5.19749800000045,-344.707396853333
6.72233500000038,-235.151959853334,5.07405500000004,-344.707396853333
6.60063100000025,-237.180763853334,4.95059300000048,-346.736200853335
6.47890900000039,-239.209568853334,4.82711199999994,-346.736200853335
6.35716800000046,-243.267177853333,4.70361300000059,-348.765004853334
6.23540700000012,-245.295981853335,4.58009399999992,-348.765004853334
6.11362700000063,-249.353590853334,4.45655700000043,-354.851418853334
5.99182800000017,-251.382394853334,4.33300099999997,-360.937831853335
5.87001000000055,-255.440003853333,4.20942699999978,-362.966635853334
5.74817299999995,-259.497612853334,4.08583400000043,-367.024244853334
5.6263170000002,-263.555221853334,3.96222099999977,-375.139461853334
5.50444100000004,-263.555221853334,3.83859000000029,-377.168265853334
5.38254700000016,-267.612829853333,3.71494100000018,-383.254679853333
5.26063299999987,-265.584025853334,3.59127200000057,-385.283483853334
5.13870000000043,-265.584025853334,3.46758399999999,-395.427505853333
5.01674700000058,-265.584025853334,3.34387800000059,-401.513918853334
4.89477600000009,-267.612829853333,3.22015300000021,-403.542722853334
4.77278500000011,-263.555221853334,3.09640899999977,-401.513918853334
4.65077500000007,-267.612829853333,2.97264600000017,-401.513918853334
4.52874500000053,-271.670438853334,2.8488640000005,-401.513918853334
4.40669700000035,-267.612829853333,2.7250640000002,-397.456309853334
4.28462899999977,-275.728047853334,2.60124400000041,-397.456309853334
4.1625410000006,-277.756851853334,2.47740500000054,-393.398700853333
4.04043499999989,-279.785656853333,2.35354800000005,-391.369896853334
3.91830900000059,-279.785656853333,2.22967200000039,-387.312287853334
3.79616299999998,-287.900873853334,2.10577600000033,-389.341092853334
3.67399900000055,-293.987286853333,1.98186200000055,-389.341092853334
3.55181499999981,-293.987286853333,1.85792899999979,-395.427505853333
3.42961100000048,-298.044895853334,1.73397600000044,-393.398700853333
3.30738800000017,-300.073700853334,1.61000500000046,-397.456309853334
3.1851459999998,-300.073700853334,1.48601500000041,-409.629135853334
3.06288399999994,-304.131308853333,1.36200600000029,-415.715548853334
2.94060300000001,-302.102504853334,1.23797800000011,-423.830765853334
2.81830300000001,-296.016091853333,1.11393000000044,-423.830765853334
2.69598300000052,-298.044895853334,0.989864000000125,-436.003592853334
2.57364300000063,-300.073700853334,0.865779000000657,-436.003592853334
2.4512850000001,-296.016091853333,0.741673999999875,-444.118809853333
2.32890600000064,-291.958482853333,0.617551000000276,-444.118809853333
2.20650800000021,-289.929678853334,0.493408000000272,-446.147613853334
2.08409100000063,-293.987286853333,0.369246000000203,-450.205222853334
1.96165400000064,-291.958482853333,0.245066000000406,-446.147613853334
1.83919800000058,-296.016091853333,0.120866000000206,-444.118809853333
1.71672200000012,-293.987286853333,-0.003353000000061,-442.090005853333
1.59422600000016,-296.016091853333,-0.127590999999484,-440.061200853334
1.47171100000014,-293.987286853333,-0.251847999999882,-440.061200853334
1.34917600000063,-293.987286853333,-0.376124999999774,-442.090005853333
1.22662200000013,-298.044895853334,-0.500419999999394,-444.118809853333
1.10404800000015,-304.131308853333,-0.624734999999419,-444.118809853333
0.981455000000096,-302.102504853334,-0.749068999999508,-450.205222853334
0.85884200000055,-308.188917853333,-0.873421999999664,-454.262831853333
0.736209000000599,-314.275330853334,-0.997793999999885,-462.378048853334
0.613557000000583,-312.246526853334,-1.1221859999996,-466.435656853333
0.490885000000162,-322.390548853335,-1.24659699999938,-476.579678853333
0.368193000000247,-324.419352853334,-1.37102700000014,-482.666091853334
0.245480999999927,-324.419352853334,-1.49547600000005,-488.752504853333
0.122750000000451,-326.448156853334,-1.61994400000003,-494.838917853333
0,-324.419352853334,-1.74443199999951,-502.954134853334
